Clients,Media
1,1.7952000000000001
2,2.32266
3,3.18268125
4,3.071203846153846
5,3.3868586206896554
7,3.3188767441860465
9,4.13464761904762
11,3.714506896551724
14,3.514153571428572
17,3.425216326530613
20,4.424435135135136
